Emp_ID,PWM_Value,Mean,stddev,Blur,Texture,Status,Max High Texture,Min High Texture,Max low Texture,Min low Texture,texture_circle,texture_framecount,texture_iriscount,average_textureff,max_texture_iris_count,max_high_meanvalue,min_high_meanvalue,max_low_meanvalue,min_low_meanvalue,average_high_mean,average_low_mean,iris_mean,pupil_mean
Emp_ID,PWM_Value,Mean,stddev,Blur,Texture,Status,Max High Texture,Min High Texture,Max low Texture,Min low Texture,texture_circle,texture_framecount,texture_iriscount,average_textureff,max_texture_iris_count,max_high_meanvalue,min_high_meanvalue,max_low_meanvalue,min_low_meanvalue,average_high_mean,average_low_mean,iris_mean,pupil_mean
MN00,17,210,0,4726,210.453558,Not Captured,210.453552,209.500549,211.514740,208.522675,149.807707,19881,5464,21337,9741,210,210,211,210,210,210,114.000000,48.000000,2.375000,112
MN00,17,210,0,4748,209.500543,Not Captured,210.453552,209.500549,211.514740,208.522675,149.447944,24145,6852,21337,9741,210,210,211,210,210,210,114.000000,51.000000,2.235294,94
MN00,14,211,0,4702,210.407463,Not Captured,210.453552,209.500549,211.514740,208.522675,148.460828,15881,4301,21337,9741,210,210,211,210,210,210,114.000000,51.000000,2.235294,111
MN00,14,211,0,4692,210.599539,Not Captured,210.453552,209.500549,211.514740,208.522675,149.661849,20493,6197,21337,9741,210,210,211,210,210,210,114.000000,48.000000,2.375000,100
MN00,14,210,0,4732,209.400128,Not Captured,210.453552,209.500549,211.514740,208.522675,148.560991,28023,9123,21337,9741,210,210,211,210,210,210,113.000000,48.000000,2.354167,102
MN00,14,210,0,4802,208.522674,Not Captured,210.453552,209.500549,211.514740,208.522675,148.736598,30197,9741,21337,9741,210,210,211,210,210,210,113.000000,48.000000,2.354167,99
MN00,14,210,0,4805,208.961759,Not Captured,210.453552,209.500549,211.514740,208.522675,148.830488,25570,8041,21337,9741,210,210,211,210,210,210,113.000000,48.000000,2.354167,113
MN00,14,211,0,4679,211.514742,Not Captured,210.453552,209.500549,211.514740,208.522675,149.910385,17552,5248,21337,9741,210,210,211,210,210,210,114.000000,51.000000,2.235294,119
MN00,14,211,0,4668,211.143849,Not Captured,210.453552,209.500549,211.514740,208.522675,149.658861,16261,4643,21337,9741,210,210,211,210,210,210,115.000000,49.000000,2.346939,106
MN00,14,211,0,4708,211.361993,Not Captured,210.453552,209.500549,211.514740,208.522675,149.681450,15369,3759,21337,9741,210,210,211,210,210,210,113.000000,51.000000,2.215686,101

MN00,17,210,0,4747,209.684758,Not Captured,210.554306,209.684753,212.686890,209.664780,149.481440,25333,7867,23941,9247,211,210,214,211,210,212,114.000000,48.000000,2.375000,89
MN00,17,211,0,4685,209.767454,Not Captured,210.554306,209.684753,212.686890,209.664780,148.790307,27791,8429,23941,9247,211,210,214,211,210,212,116.000000,53.000000,2.188679,100
MN00,17,211,0,4673,210.554309,Not Captured,210.554306,209.684753,212.686890,209.664780,149.316805,24023,7305,23941,9247,211,210,214,211,210,212,115.000000,48.000000,2.395833,112
MN00,14,211,0,4636,209.664777,Not Captured,210.554306,209.684753,212.686890,209.664780,149.018817,28700,9247,23941,9247,211,210,214,211,210,212,116.000000,52.000000,2.230769,87
MN00,14,212,0,4620,211.606866,Not Captured,210.554306,209.684753,212.686890,209.664780,150.350385,19340,5751,23941,9247,211,210,214,211,210,212,116.000000,50.000000,2.320000,114
MN00,14,212,0,4578,212.023897,Not Captured,210.554306,209.684753,212.686890,209.664780,149.847041,17984,5737,23941,9247,211,210,214,211,210,212,117.000000,51.000000,2.294118,99
MN00,14,213,0,4454,211.976177,Not Captured,210.554306,209.684753,212.686890,209.664780,150.773240,22141,6819,23941,9247,211,210,214,211,210,212,120.000000,56.000000,2.142857,88
MN00,14,214,0,4344,212.686886,Not Captured,210.554306,209.684753,212.686890,209.664780,151.439601,19436,6516,23941,9247,211,210,214,211,210,212,123.000000,56.000000,2.196429,90
MN00,14,212,0,4554,211.098502,Not Captured,210.554306,209.684753,212.686890,209.664780,149.470607,27169,9090,23941,9247,211,210,214,211,210,212,119.000000,53.000000,2.245283,91
MN00,14,212,0,4629,210.831420,Not Captured,210.554306,209.684753,212.686890,209.664780,149.090163,27495,8863,23941,9247,211,210,214,211,210,212,116.000000,52.000000,2.230769,126

MN00,17,214,0,4348,211.947872,Not Captured,212.340698,211.947876,213.740692,211.943436,150.723244,26254,8572,23083,9442,215,214,215,213,214,214,124.000000,57.000000,2.175439,126
MN00,17,215,0,4099,212.340695,Not Captured,212.340698,211.947876,213.740692,211.943436,151.670296,26924,9354,23083,9442,215,214,215,213,214,214,131.000000,65.000000,2.015385,98
MN00,14,215,0,4179,211.953526,Not Captured,212.340698,211.947876,213.740692,211.943436,151.072321,28298,9442,23083,9442,215,214,215,213,214,214,129.000000,62.000000,2.080645,115
MN00,14,214,0,4318,211.943437,Not Captured,212.340698,211.947876,213.740692,211.943436,151.203062,25792,8361,23083,9442,215,214,215,213,214,214,124.000000,57.000000,2.175439,125
MN00,14,213,0,4390,212.356229,Not Captured,212.340698,211.947876,213.740692,211.943436,150.976575,23041,8003,23083,9442,215,214,215,213,214,214,122.000000,54.000000,2.259259,102
MN00,14,214,0,4372,212.276479,Not Captured,212.340698,211.947876,213.740692,211.943436,151.146420,22698,7139,23083,9442,215,214,215,213,214,214,122.000000,55.000000,2.218182,106
MN00,14,214,0,4296,213.606651,Not Captured,212.340698,211.947876,213.740692,211.943436,152.751361,17888,5624,23083,9442,215,214,215,213,214,214,123.000000,55.000000,2.236364,103
MN00,14,214,0,4275,213.214178,Not Captured,212.340698,211.947876,213.740692,211.943436,152.508508,19950,6678,23083,9442,215,214,215,213,214,214,125.000000,56.000000,2.232143,105
MN00,14,215,0,4215,213.740691,Not Captured,212.340698,211.947876,213.740692,211.943436,152.093550,16906,5252,23083,9442,215,214,215,213,214,214,125.000000,57.000000,2.192982,108

MN00,17,214,0,4382,212.600796,Not Captured,212.600800,211.834900,213.971863,211.377121,150.096420,20581,6706,24281,9549,214,213,215,213,213,214,122.000000,55.000000,2.218182,108
MN00,17,213,0,4502,211.834905,Not Captured,212.600800,211.834900,213.971863,211.377121,150.020725,23445,7599,24281,9549,214,213,215,213,213,214,120.000000,52.000000,2.307692,103
MN00,14,214,0,4298,212.337433,Not Captured,212.600800,211.834900,213.971863,211.377121,152.049123,23895,8341,24281,9549,214,213,215,213,213,214,125.000000,60.000000,2.083333,111
MN00,14,214,0,4269,212.135038,Not Captured,212.600800,211.834900,213.971863,211.377121,151.879379,27581,9337,24281,9549,214,213,215,213,213,214,127.000000,60.000000,2.116667,103
MN00,14,215,0,4144,213.971869,Not Captured,212.600800,211.834900,213.971863,211.377121,155.093293,18553,6231,24281,9549,214,213,215,213,213,214,130.000000,63.000000,2.063492,114
MN00,14,215,0,4182,212.903222,Not Captured,212.600800,211.834900,213.971863,211.377121,152.314837,25605,8918,24281,9549,214,213,215,213,213,214,128.000000,62.000000,2.064516,100
MN00,14,214,0,4310,212.186052,Not Captured,212.600800,211.834900,213.971863,211.377121,151.051006,26060,8943,24281,9549,214,213,215,213,213,214,125.000000,57.000000,2.192982,111
MN00,14,213,0,4461,212.034679,Not Captured,212.600800,211.834900,213.971863,211.377121,150.952042,24292,8245,24281,9549,214,213,215,213,213,214,121.000000,55.000000,2.200000,113
MN00,14,213,0,4511,211.377126,Not Captured,212.600800,211.834900,213.971863,211.377121,149.896820,28522,9549,24281,9549,214,213,215,213,213,214,120.000000,51.000000,2.352941,99

MN00,17,217,0,4002,214.498944,Not Captured,214.498947,213.894897,216.225693,212.571869,157.040662,20053,7098,20501,9361,217,216,217,215,216,216,134.000000,64.000000,2.093750,90
MN00,17,216,0,4057,213.894904,Not Captured,214.498947,213.894897,216.225693,212.571869,155.432033,23097,8140,20501,9361,217,216,217,215,216,216,132.000000,63.000000,2.095238,99
MN00,14,215,0,4262,212.571875,Not Captured,214.498947,213.894897,216.225693,212.571869,152.140799,25837,8926,20501,9361,217,216,217,215,216,216,126.000000,59.000000,2.135593,131
MN00,14,216,0,4064,213.844671,Not Captured,214.498947,213.894897,216.225693,212.571869,155.286849,24160,8199,20501,9361,217,216,217,215,216,216,132.000000,62.000000,2.129032,132
MN00,14,216,0,4055,214.375746,Not Captured,214.498947,213.894897,216.225693,212.571869,156.013825,20130,6721,20501,9361,217,216,217,215,216,216,131.000000,65.000000,2.015385,118
MN00,14,217,0,3982,216.225689,Not Captured,214.498947,213.894897,216.225693,212.571869,158.939441,11952,3875,20501,9361,217,216,217,215,216,216,133.000000,62.000000,2.145161,108
MN00,14,217,0,3884,216.101625,Not Captured,214.498947,213.894897,216.225693,212.571869,158.946900,9981,3083,20501,9361,217,216,217,215,216,216,136.000000,65.000000,2.092308,89
MN00,14,217,0,3957,214.064561,Not Captured,214.498947,213.894897,216.225693,212.571869,155.866762,23287,8102,20501,9361,217,216,217,215,216,216,135.000000,67.000000,2.014925,80
MN00,14,215,0,4113,213.002660,Not Captured,214.498947,213.894897,216.225693,212.571869,153.273148,26020,9361,20501,9361,217,216,217,215,216,216,130.000000,64.000000,2.031250,103

MN00,17,214,0,4367,214.744085,Not Captured,214.793762,213.198883,221.797440,216.320999,152.123254,4613,1156,20589,14269,214,213,231,220,213,224,120.000000,53.000000,2.264151,95
MN00,17,213,0,4433,213.198889,Not Captured,214.793762,213.198883,221.797440,216.320999,150.058950,13260,3879,20589,14269,214,213,231,220,213,224,119.000000,53.000000,2.245283,73
MN00,17,213,0,4422,214.793759,Not Captured,214.793762,213.198883,221.797440,216.320999,152.919038,8306,2576,20589,14269,214,213,231,220,213,224,119.000000,54.000000,2.203704,83
MN00,14,228,0,2672,220.906256,Not Captured,214.793762,213.198883,221.797440,216.320999,149.514926,11804,5515,20589,14269,214,213,231,220,213,224,177.000000,77.000000,2.298701,71
MN00,14,231,0,2386,221.635448,Not Captured,214.793762,213.198883,221.797440,216.320999,151.867879,22705,13536,20589,14269,214,213,231,220,213,224,198.000000,86.000000,2.302325,87
MN00,14,230,0,2436,221.797447,Not Captured,214.793762,213.198883,221.797440,216.320999,150.523267,17459,10469,20589,14269,214,213,231,220,213,224,187.000000,85.000000,2.200000,80
MN00,14,222,0,3347,217.299689,Not Captured,214.793762,213.198883,221.797440,216.320999,149.261811,27822,14269,20589,14269,214,213,231,220,213,224,155.000000,64.000000,2.421875,115
MN00,14,222,0,3401,216.995372,Not Captured,214.793762,213.198883,221.797440,216.320999,148.664242,28365,14124,20589,14269,214,213,231,220,213,224,153.000000,62.000000,2.467742,105
MN00,14,222,0,3417,216.970748,Not Captured,214.793762,213.198883,221.797440,216.320999,149.341481,27994,13921,20589,14269,214,213,231,220,213,224,153.000000,67.000000,2.283582,105
MN00,14,222,0,3381,217.629107,Not Captured,214.793762,213.198883,221.797440,216.320999,149.030108,22436,10897,20589,14269,214,213,231,220,213,224,153.000000,65.000000,2.353846,125
MN00,14,222,0,3457,217.086478,Not Captured,214.793762,213.198883,221.797440,216.320999,150.775705,26374,13241,20589,14269,214,213,231,220,213,224,151.000000,66.000000,2.287879,131
MN00,14,221,0,3569,216.496715,Not Captured,214.793762,213.198883,221.797440,216.320999,149.225448,28410,13825,20589,14269,214,213,231,220,213,224,148.000000,65.000000,2.276923,117
MN00,14,220,0,3606,216.320993,Not Captured,214.793762,213.198883,221.797440,216.320999,149.318832,28109,13945,20589,14269,214,213,231,220,213,224,146.000000,60.000000,2.433333,113

MN00,17,228,0,2577,221.730092,Not Captured,221.730087,219.510468,222.209457,217.039474,150.911280,8324,4009,21481,16655,228,226,231,222,227,226,180.000000,77.000000,2.337662,79
MN00,17,226,0,2886,219.510468,Not Captured,221.730087,219.510468,222.209457,217.039474,149.278848,24495,14000,21481,16655,228,226,231,222,227,226,170.000000,73.000000,2.328767,72
MN00,14,228,0,2672,219.908770,Not Captured,221.730087,219.510468,222.209457,217.039474,150.250352,27598,15879,21481,16655,228,226,231,222,227,226,182.000000,74.000000,2.459460,97
MN00,14,230,0,2377,222.209451,Not Captured,221.730087,219.510468,222.209457,217.039474,151.152201,15789,9536,21481,16655,228,226,231,222,227,226,191.000000,85.000000,2.247059,90
MN00,14,226,0,2904,218.556328,Not Captured,221.730087,219.510468,222.209457,217.039474,150.087606,29536,16655,21481,16655,228,226,231,222,227,226,171.000000,77.000000,2.220779,80
MN00,14,224,0,3132,218.728016,Not Captured,221.730087,219.510468,222.209457,217.039474,149.819067,15320,7033,21481,16655,228,226,231,222,227,226,161.000000,70.000000,2.300000,119
MN00,14,223,0,3299,218.619910,Not Captured,221.730087,219.510468,222.209457,217.039474,150.286441,9543,4424,21481,16655,228,226,231,222,227,226,154.000000,67.000000,2.298507,79
MN00,14,222,0,3370,217.039469,Not Captured,221.730087,219.510468,222.209457,217.039474,149.503275,28562,14186,21481,16655,228,226,231,222,227,226,156.000000,63.000000,2.476191,74
MN00,14,227,0,2823,219.095573,Not Captured,221.730087,219.510468,222.209457,217.039474,149.445632,29384,16499,21481,16655,228,226,231,222,227,226,177.000000,77.000000,2.298701,108
MN00,14,231,0,2368,221.752842,Not Captured,221.730087,219.510468,222.209457,217.039474,151.750049,23565,14328,21481,16655,228,226,231,222,227,226,194.000000,86.000000,2.255814,92
MN00,14,228,0,2639,220.036772,Not Captured,221.730087,219.510468,222.209457,217.039474,153.222352,24179,14466,21481,16655,228,226,231,222,227,226,181.000000,78.000000,2.320513,89

MN00,17,228,0,2708,220.488374,Not Captured,220.488373,214.702347,219.170685,213.471252,150.559632,19958,10821,23631,15195,228,217,227,216,221,221,184.000000,79.000000,2.329114,89
MN00,17,217,0,3994,214.702341,Not Captured,220.488373,214.702347,219.170685,213.471252,150.581198,24842,10666,23631,15195,228,217,227,216,221,221,135.000000,56.000000,2.410714,98
MN00,17,218,0,3847,215.136999,Not Captured,220.488373,214.702347,219.170685,213.471252,149.658234,25549,11200,23631,15195,228,217,227,216,221,221,140.000000,59.000000,2.372881,108
MN00,14,216,0,4105,213.471257,Not Captured,220.488373,214.702347,219.170685,213.471252,149.399405,30390,13004,23631,15195,228,217,227,216,221,221,133.000000,56.000000,2.375000,81
MN00,14,217,0,4038,214.272885,Not Captured,220.488373,214.702347,219.170685,213.471252,150.169446,27335,11582,23631,15195,228,217,227,216,221,221,135.000000,54.000000,2.500000,115
MN00,14,219,0,3778,215.693167,Not Captured,220.488373,214.702347,219.170685,213.471252,149.865234,22821,10094,23631,15195,228,217,227,216,221,221,142.000000,63.000000,2.253968,104
MN00,14,227,0,2770,219.170680,Not Captured,220.488373,214.702347,219.170685,213.471252,150.290123,26794,15195,23631,15195,228,217,227,216,221,221,179.000000,75.000000,2.386667,112
MN00,14,223,0,3246,217.739789,Not Captured,220.488373,214.702347,219.170685,213.471252,149.956321,21172,10589,23631,15195,228,217,227,216,221,221,158.000000,67.000000,2.358209,106
MN00,14,220,0,3596,216.571249,Not Captured,220.488373,214.702347,219.170685,213.471252,150.448746,20399,8897,23631,15195,228,217,227,216,221,221,148.000000,64.000000,2.312500,84
MN00,14,221,0,3520,216.494529,Not Captured,220.488373,214.702347,219.170685,213.471252,149.421523,19901,8599,23631,15195,228,217,227,216,221,221,150.000000,62.000000,2.419355,119
MN00,14,225,0,3020,218.642329,Not Captured,220.488373,214.702347,219.170685,213.471252,151.077911,20991,11622,23631,15195,228,217,227,216,221,221,168.000000,72.000000,2.333333,89
MN00,14,226,0,2825,218.951770,Not Captured,220.488373,214.702347,219.170685,213.471252,151.509521,25362,14588,23631,15195,228,217,227,216,221,221,176.000000,76.000000,2.315789,101
MN00,14,224,0,3100,217.576197,Not Captured,220.488373,214.702347,219.170685,213.471252,149.237355,26946,13954,23631,15195,228,217,227,216,221,221,165.000000,72.000000,2.291667,102
MN00,14,217,0,4014,214.392058,Not Captured,220.488373,214.702347,219.170685,213.471252,149.441440,22062,9151,23631,15195,228,217,227,216,221,221,135.000000,55.000000,2.454545,69
MN00,14,217,0,3942,215.318636,Not Captured,220.488373,214.702347,219.170685,213.471252,150.600449,19951,7544,23631,15195,228,217,227,216,221,221,137.000000,57.000000,2.403509,101

MN00,17,217,0,4048,214.061189,Not Captured,216.257538,214.061188,217.375626,212.029800,149.486539,27132,11684,23825,13126,221,217,224,214,219,217,134.000000,57.000000,2.350877,111
MN00,17,221,0,3507,216.257536,Not Captured,216.257538,214.061188,217.375626,212.029800,150.130295,27234,13021,23825,13126,221,217,224,214,219,217,152.000000,64.000000,2.375000,105
MN00,14,214,0,4313,212.029794,Not Captured,216.257538,214.061188,217.375626,212.029800,149.241812,28845,11186,23825,13126,221,217,224,214,219,217,128.000000,52.000000,2.461539,106
MN00,14,214,0,4395,212.587667,Not Captured,216.257538,214.061188,217.375626,212.029800,149.330464,21735,8067,23825,13126,221,217,224,214,219,217,124.000000,51.000000,2.431373,97
MN00,14,215,0,4274,212.436085,Not Captured,216.257538,214.061188,217.375626,212.029800,149.289526,28581,11449,23825,13126,221,217,224,214,219,217,129.000000,53.000000,2.433962,97
MN00,14,219,0,3744,215.291902,Not Captured,216.257538,214.061188,217.375626,212.029800,149.629425,23738,10050,23825,13126,221,217,224,214,219,217,145.000000,62.000000,2.338710,95
MN00,14,224,0,3036,217.375619,Not Captured,216.257538,214.061188,217.375626,212.029800,150.323734,25862,13126,23825,13126,221,217,224,214,219,217,168.000000,75.000000,2.240000,79
MN00,14,219,0,3699,215.126855,Not Captured,216.257538,214.061188,217.375626,212.029800,150.154114,24765,10529,23825,13126,221,217,224,214,219,217,144.000000,59.000000,2.440678,110
MN00,14,216,0,4039,215.341318,Not Captured,216.257538,214.061188,217.375626,212.029800,151.730533,9664,2968,23825,13126,221,217,224,214,219,217,133.000000,57.000000,2.333333,98
MN00,14,215,0,4189,213.816215,Not Captured,216.257538,214.061188,217.375626,212.029800,151.257633,20702,7939,23825,13126,221,217,224,214,219,217,131.000000,53.000000,2.471698,80

MN00,17,217,0,4028,214.443282,Not Captured,214.807526,214.443283,219.840439,214.674194,150.932591,23718,9957,23032,15592,218,217,230,219,217,222,135.000000,56.000000,2.410714,110
MN00,17,218,0,3884,214.807533,Not Captured,214.807526,214.443283,219.840439,214.674194,150.348041,23330,9682,23032,15592,218,217,230,219,217,222,140.000000,60.000000,2.333333,93
MN00,14,219,0,3773,215.255451,Not Captured,214.807526,214.443283,219.840439,214.674194,150.211685,22463,9426,23032,15592,218,217,230,219,217,222,144.000000,60.000000,2.400000,87
MN00,14,223,0,3217,217.774418,Not Captured,214.807526,214.443283,219.840439,214.674194,150.469899,18735,8725,23032,15592,218,217,230,219,217,222,164.000000,70.000000,2.342857,96
MN00,14,219,0,3715,215.807248,Not Captured,214.807526,214.443283,219.840439,214.674194,150.530350,17140,6835,23032,15592,218,217,230,219,217,222,144.000000,63.000000,2.285714,93
MN00,14,220,0,3615,215.926663,Not Captured,214.807526,214.443283,219.840439,214.674194,150.825821,23175,10648,23032,15592,218,217,230,219,217,222,149.000000,62.000000,2.403226,90
MN00,14,224,0,3129,217.613523,Not Captured,214.807526,214.443283,219.840439,214.674194,149.447594,18998,9283,23032,15592,218,217,230,219,217,222,168.000000,74.000000,2.270270,116
MN00,14,230,0,2488,219.840436,Not Captured,214.807526,214.443283,219.840439,214.674194,150.760601,27450,15592,23032,15592,218,217,230,219,217,222,194.000000,84.000000,2.309524,113
MN00,14,224,0,3059,217.769238,Not Captured,214.807526,214.443283,219.840439,214.674194,151.048111,22455,11883,23032,15592,218,217,230,219,217,222,168.000000,74.000000,2.270270,101
MN00,14,220,0,3568,215.217801,Not Captured,214.807526,214.443283,219.840439,214.674194,149.336986,28972,13546,23032,15592,218,217,230,219,217,222,150.000000,63.000000,2.380952,94
MN00,14,219,0,3760,214.674198,Not Captured,214.807526,214.443283,219.840439,214.674194,150.082222,26918,12186,23032,15592,218,217,230,219,217,222,144.000000,60.000000,2.400000,98

MN00,17,218,0,3820,214.311749,Not Captured,214.311752,213.688370,219.433350,212.264664,150.168427,28202,12243,22926,13520,218,217,225,215,217,220,145.000000,62.000000,2.338710,125
MN00,17,217,0,3925,213.808182,Not Captured,214.311752,213.688370,219.433350,212.264664,149.505722,24355,10066,22926,13520,218,217,225,215,217,220,139.000000,60.000000,2.316667,106
MN00,17,217,0,3942,214.271621,Not Captured,214.311752,213.688370,219.433350,212.264664,150.500778,22215,9026,22926,13520,218,217,225,215,217,220,140.000000,59.000000,2.372881,79
MN00,17,217,0,3962,213.688363,Not Captured,214.311752,213.688370,219.433350,212.264664,149.919161,26107,11130,22926,13520,218,217,225,215,217,220,138.000000,60.000000,2.300000,96
MN00,17,217,0,3914,213.716987,Not Captured,214.311752,213.688370,219.433350,212.264664,150.211421,28993,12619,22926,13520,218,217,225,215,217,220,141.000000,60.000000,2.350000,99
MN00,14,220,0,3587,215.744234,Not Captured,214.311752,213.688370,219.433350,212.264664,150.690979,18891,7584,22926,13520,218,217,225,215,217,220,149.000000,65.000000,2.292308,109
MN00,14,216,0,4092,212.526053,Not Captured,214.311752,213.688370,219.433350,212.264664,150.362426,30634,12828,22926,13520,218,217,225,215,217,220,135.000000,56.000000,2.410714,101
MN00,14,215,0,4205,212.264671,Not Captured,214.311752,213.688370,219.433350,212.264664,150.110740,29550,12138,22926,13520,218,217,225,215,217,220,132.000000,55.000000,2.400000,133
MN00,14,217,0,3909,214.010330,Not Captured,214.311752,213.688370,219.433350,212.264664,150.296632,23899,9914,22926,13520,218,217,225,215,217,220,141.000000,64.000000,2.203125,95
MN00,14,220,0,3629,215.723063,Not Captured,214.311752,213.688370,219.433350,212.264664,150.109787,18788,7407,22926,13520,218,217,225,215,217,220,148.000000,63.000000,2.349206,123
MN00,14,220,0,3631,214.863514,Not Captured,214.311752,213.688370,219.433350,212.264664,149.646179,27518,12562,22926,13520,218,217,225,215,217,220,150.000000,67.000000,2.238806,100
MN00,14,225,0,3030,217.408379,Not Captured,214.311752,213.688370,219.433350,212.264664,149.941437,26584,13520,22926,13520,218,217,225,215,217,220,174.000000,79.000000,2.202532,102
MN00,14,224,0,3279,219.433347,Not Captured,214.311752,213.688370,219.433350,212.264664,151.087443,18198,8722,22926,13520,218,217,225,215,217,220,158.000000,69.000000,2.289855,69
MN00,14,221,0,3640,218.240251,Not Captured,214.311752,213.688370,219.433350,212.264664,150.873148,19132,8713,22926,13520,218,217,225,215,217,220,145.000000,64.000000,2.265625,81
MN00,14,221,0,3583,219.015248,Not Captured,214.311752,213.688370,219.433350,212.264664,151.222789,11920,5210,22926,13520,218,217,225,215,217,220,146.000000,64.000000,2.281250,88
MN00,14,221,0,3591,218.686741,Not Captured,214.311752,213.688370,219.433350,212.264664,152.434280,11839,4057,22926,13520,218,217,225,215,217,220,145.000000,63.000000,2.301587,84

MN00,17,217,0,3947,215.256928,Not Captured,215.256927,215.062485,214.827194,213.825531,151.807418,18344,6749,24517,12243,218,217,217,216,217,216,140.000000,62.000000,2.258065,106
MN00,17,218,0,3932,215.062488,Not Captured,215.256927,215.062485,214.827194,213.825531,149.611938,16604,6686,24517,12243,218,217,217,216,217,216,140.000000,62.000000,2.258065,95
MN00,14,217,0,4009,214.785531,Not Captured,215.256927,215.062485,214.827194,213.825531,151.648639,21972,8272,24517,12243,218,217,217,216,217,216,139.000000,57.000000,2.438596,93
MN00,14,217,0,4066,214.013983,Not Captured,215.256927,215.062485,214.827194,213.825531,150.370071,29823,12243,24517,12243,218,217,217,216,217,216,138.000000,57.000000,2.421053,101
MN00,14,217,0,4069,214.099049,Not Captured,215.256927,215.062485,214.827194,213.825531,150.434250,28789,11699,24517,12243,218,217,217,216,217,216,137.000000,59.000000,2.322034,112
MN00,14,217,0,4066,214.478911,Not Captured,215.256927,215.062485,214.827194,213.825531,149.714853,24624,9605,24517,12243,218,217,217,216,217,216,137.000000,61.000000,2.245902,133
MN00,14,216,0,4103,213.825531,Not Captured,215.256927,215.062485,214.827194,213.825531,150.293259,29687,12151,24517,12243,218,217,217,216,217,216,137.000000,59.000000,2.322034,111
MN00,14,216,0,4093,213.994188,Not Captured,215.256927,215.062485,214.827194,213.825531,150.677168,27981,11666,24517,12243,218,217,217,216,217,216,136.000000,57.000000,2.385965,109
MN00,14,217,0,4062,214.827192,Not Captured,215.256927,215.062485,214.827194,213.825531,151.760832,22830,9469,24517,12243,218,217,217,216,217,216,137.000000,62.000000,2.209677,108

MN00,17,216,0,4135,213.668598,Not Captured,214.367905,213.668594,215.290146,212.699783,151.246494,29488,12307,23802,12307,216,216,216,215,216,215,135.000000,58.000000,2.327586,108
MN00,17,216,0,4131,214.367909,Not Captured,214.367905,213.668594,215.290146,212.699783,150.880539,22207,7382,23802,12307,216,216,216,215,216,215,134.000000,57.000000,2.350877,110
MN00,14,216,0,4187,213.630659,Not Captured,214.367905,213.668594,215.290146,212.699783,150.251068,27265,10517,23802,12307,216,216,216,215,216,215,132.000000,60.000000,2.200000,119
MN00,14,216,0,4140,214.860636,Not Captured,214.367905,213.668594,215.290146,212.699783,151.852022,13964,4098,23802,12307,216,216,216,215,216,215,132.000000,55.000000,2.400000,94
MN00,14,216,0,4179,215.290149,Not Captured,214.367905,213.668594,215.290146,212.699783,152.983459,17378,5642,23802,12307,216,216,216,215,216,215,132.000000,55.000000,2.400000,80
MN00,14,215,0,4200,214.061290,Not Captured,214.367905,213.668594,215.290146,212.699783,151.326918,21643,8002,23802,12307,216,216,216,215,216,215,131.000000,57.000000,2.298246,92
MN00,14,215,0,4218,214.014152,Not Captured,214.367905,213.668594,215.290146,212.699783,150.963389,22438,8440,23802,12307,216,216,216,215,216,215,131.000000,57.000000,2.298246,88
MN00,14,215,0,4248,213.044517,Not Captured,214.367905,213.668594,215.290146,212.699783,150.013718,29004,11141,23802,12307,216,216,216,215,216,215,132.000000,57.000000,2.315789,98
MN00,14,215,0,4275,212.699789,Not Captured,214.367905,213.668594,215.290146,212.699783,150.400817,30831,12011,23802,12307,216,216,216,215,216,215,131.000000,60.000000,2.183333,108

MN00,17,226,0,2915,219.371825,Not Captured,219.496414,219.371826,216.782486,213.178391,153.130874,23782,12708,24148,12708,226,226,219,215,226,216,190.000000,81.000000,2.345679,83
MN00,17,226,0,2963,219.496407,Not Captured,219.496414,219.371826,216.782486,213.178391,151.415030,16130,7196,24148,12708,226,226,219,215,226,216,185.000000,78.000000,2.371795,96
MN00,14,219,0,3742,216.782491,Not Captured,219.496414,219.371826,216.782486,213.178391,151.627193,10385,3131,24148,12708,226,226,219,215,226,216,146.000000,64.000000,2.281250,95
MN00,14,217,0,3980,215.159802,Not Captured,219.496414,219.371826,216.782486,213.178391,151.925873,22716,8520,24148,12708,226,226,219,215,226,216,140.000000,63.000000,2.222222,88
MN00,14,217,0,4034,214.294658,Not Captured,219.496414,219.371826,216.782486,213.178391,150.121185,27260,10997,24148,12708,226,226,219,215,226,216,137.000000,57.000000,2.403509,86
MN00,14,216,0,4088,213.909468,Not Captured,219.496414,219.371826,216.782486,213.178391,151.047007,28139,11231,24148,12708,226,226,219,215,226,216,137.000000,56.000000,2.446429,102
MN00,14,216,0,4169,213.586132,Not Captured,219.496414,219.371826,216.782486,213.178391,150.283981,27863,10530,24148,12708,226,226,219,215,226,216,134.000000,57.000000,2.350877,99
MN00,14,216,0,4183,213.707634,Not Captured,219.496414,219.371826,216.782486,213.178391,150.786116,26223,10296,24148,12708,226,226,219,215,226,216,133.000000,54.000000,2.462963,122
MN00,14,215,0,4223,213.178396,Not Captured,219.496414,219.371826,216.782486,213.178391,150.498137,29252,11693,24148,12708,226,226,219,215,226,216,132.000000,56.000000,2.357143,141
MN00,14,215,0,4247,213.280664,Not Captured,219.496414,219.371826,216.782486,213.178391,150.494659,26930,9505,24148,12708,226,226,219,215,226,216,132.000000,57.000000,2.315789,112
MN00,14,215,0,4274,213.266271,Not Captured,219.496414,219.371826,216.782486,213.178391,151.002960,26956,10288,24148,12708,226,226,219,215,226,216,130.000000,58.000000,2.241379,101

MN00,17,228,0,2768,219.677309,Not Captured,219.677307,218.987961,219.100021,213.699631,152.944703,28386,15019,24144,15019,228,225,227,215,226,219,198.000000,87.000000,2.275862,69
MN00,17,227,0,2855,219.497475,Not Captured,219.677307,218.987961,219.100021,213.699631,151.999252,24452,12891,24144,15019,228,225,227,215,226,219,192.000000,85.000000,2.258824,78
MN00,17,225,0,3058,218.987960,Not Captured,219.677307,218.987961,219.100021,213.699631,151.123952,15640,7046,24144,15019,228,225,227,215,226,219,177.000000,77.000000,2.298701,99
MN00,14,222,0,3382,217.942863,Not Captured,219.677307,218.987961,219.100021,213.699631,151.402226,13441,6748,24144,15019,228,225,227,215,226,219,161.000000,70.000000,2.300000,82
MN00,14,224,0,3172,218.519319,Not Captured,219.677307,218.987961,219.100021,213.699631,151.628527,21266,10826,24144,15019,228,225,227,215,226,219,174.000000,79.000000,2.202532,81
MN00,14,227,0,2883,219.100021,Not Captured,219.677307,218.987961,219.100021,213.699631,151.872160,27938,15007,24144,15019,228,225,227,215,226,219,189.000000,86.000000,2.197675,89
MN00,14,220,0,3646,216.745748,Not Captured,219.677307,218.987961,219.100021,213.699631,152.199763,20188,8663,24144,15019,228,225,227,215,226,219,149.000000,65.000000,2.292308,107
MN00,14,218,0,3861,215.033479,Not Captured,219.677307,218.987961,219.100021,213.699631,150.031124,26840,11067,24144,15019,228,225,227,215,226,219,143.000000,64.000000,2.234375,96
MN00,14,217,0,4020,214.171886,Not Captured,219.677307,218.987961,219.100021,213.699631,150.989409,30408,12965,24144,15019,228,225,227,215,226,219,138.000000,58.000000,2.379310,90
MN00,14,216,0,4120,213.811321,Not Captured,219.677307,218.987961,219.100021,213.699631,150.707890,29480,12051,24144,15019,228,225,227,215,226,219,135.000000,57.000000,2.368421,95
MN00,14,216,0,4147,214.520859,Not Captured,219.677307,218.987961,219.100021,213.699631,151.284583,24077,9593,24144,15019,228,225,227,215,226,219,133.000000,57.000000,2.333333,105
MN00,14,215,0,4225,213.699633,Not Captured,219.677307,218.987961,219.100021,213.699631,150.907968,27612,10415,24144,15019,228,225,227,215,226,219,131.000000,56.000000,2.339286,103

MN00,17,223,0,3256,218.413220,Not Captured,218.413223,218.220886,217.777557,215.064682,151.301446,17171,8356,15332,8766,223,223,221,216,223,218,166.000000,72.000000,2.305556,93
MN00,17,223,0,3262,218.220879,Not Captured,218.413223,218.220886,217.777557,215.064682,151.104198,18959,8766,15332,8766,223,223,221,216,223,218,166.000000,72.000000,2.305556,92
MN00,14,221,0,3464,217.777557,Not Captured,218.413223,218.220886,217.777557,215.064682,151.043824,14819,6433,15332,8766,223,223,221,216,223,218,156.000000,67.000000,2.328358,93
MN00,14,220,0,3627,217.209499,Not Captured,218.413223,218.220886,217.777557,215.064682,150.801739,12816,6005,15332,8766,223,223,221,216,223,218,150.000000,64.000000,2.343750,85
MN00,14,219,0,3697,216.841508,Not Captured,218.413223,218.220886,217.777557,215.064682,151.780535,17694,6423,15332,8766,223,223,221,216,223,218,148.000000,63.000000,2.349206,83
MN00,14,219,0,3767,216.832918,Not Captured,218.413223,218.220886,217.777557,215.064682,151.000884,11740,4049,15332,8766,223,223,221,216,223,218,144.000000,63.000000,2.285714,77
MN00,14,217,0,4003,216.271162,Not Captured,218.413223,218.220886,217.777557,215.064682,152.627096,7209,1894,15332,8766,223,223,221,216,223,218,135.000000,60.000000,2.250000,72
MN00,14,216,0,4148,215.064684,Not Captured,218.413223,218.220886,217.777557,215.064682,151.280609,15287,4231,15332,8766,223,223,221,216,223,218,133.000000,56.000000,2.375000,75
MN00,14,217,0,3998,215.068616,Not Captured,218.413223,218.220886,217.777557,215.064682,151.516150,22295,8589,15332,8766,223,223,221,216,223,218,143.000000,60.000000,2.383333,82

MN00,17,222,0,3354,217.168454,Not Captured,217.386078,215.679428,216.864365,213.108490,151.442665,21362,10213,18418,11384,222,220,219,215,221,217,161.000000,70.000000,2.300000,73
MN00,17,222,0,3380,217.386083,Not Captured,217.386078,215.679428,216.864365,213.108490,151.410317,18340,8335,18418,11384,222,220,219,215,221,217,159.000000,70.000000,2.271429,74
MN00,17,220,0,3562,215.679434,Not Captured,217.386078,215.679428,216.864365,213.108490,150.929550,25602,11133,18418,11384,222,220,219,215,221,217,153.000000,66.000000,2.318182,77
MN00,14,217,0,3977,213.991181,Not Captured,217.386078,215.679428,216.864365,213.108490,150.665946,18235,5717,18418,11384,222,220,219,215,221,217,136.000000,57.000000,2.385965,117
MN00,14,216,0,4111,213.956636,Not Captured,217.386078,215.679428,216.864365,213.108490,151.452076,20741,6606,18418,11384,222,220,219,215,221,217,133.000000,57.000000,2.333333,75
MN00,14,217,0,3927,214.868013,Not Captured,217.386078,215.679428,216.864365,213.108490,150.686233,18655,5216,18418,11384,222,220,219,215,221,217,139.000000,60.000000,2.316667,75
MN00,14,217,0,4022,214.228273,Not Captured,217.386078,215.679428,216.864365,213.108490,150.993705,21129,7718,18418,11384,222,220,219,215,221,217,136.000000,57.000000,2.385965,81
MN00,14,216,0,4134,213.108483,Not Captured,217.386078,215.679428,216.864365,213.108490,150.501247,30179,11384,18418,11384,222,220,219,215,221,217,134.000000,57.000000,2.350877,99
MN00,14,216,0,4130,214.779369,Not Captured,217.386078,215.679428,216.864365,213.108490,152.626805,9577,2561,18418,11384,222,220,219,215,221,217,130.000000,57.000000,2.280702,95
MN00,14,215,0,4189,215.106155,Not Captured,217.386078,215.679428,216.864365,213.108490,153.303131,11833,3347,18418,11384,222,220,219,215,221,217,129.000000,54.000000,2.388889,78
MN00,14,218,0,3907,216.199454,Not Captured,217.386078,215.679428,216.864365,213.108490,153.259630,10318,2822,18418,11384,222,220,219,215,221,217,140.000000,63.000000,2.222222,93
MN00,14,219,0,3746,216.864365,Not Captured,217.386078,215.679428,216.864365,213.108490,154.071585,12880,4185,18418,11384,222,220,219,215,221,217,151.000000,66.000000,2.287879,75
MN00,14,219,0,3748,215.813929,Not Captured,217.386078,215.679428,216.864365,213.108490,152.027466,20593,7146,18418,11384,222,220,219,215,221,217,151.000000,65.000000,2.323077,85

MN00,17,217,0,3975,214.389375,Not Captured,214.777283,214.389374,215.501511,213.642944,151.399060,21995,8001,19246,10920,217,217,218,215,217,216,136.000000,59.000000,2.305085,76
MN00,17,217,0,3995,214.777288,Not Captured,214.777283,214.389374,215.501511,213.642944,150.965805,17463,6438,19246,10920,217,217,218,215,217,216,135.000000,56.000000,2.410714,105
MN00,14,216,0,4146,213.848914,Not Captured,214.777283,214.389374,215.501511,213.642944,150.132111,14410,3806,19246,10920,217,217,218,215,217,216,129.000000,53.000000,2.433962,85
MN00,14,215,0,4204,213.708525,Not Captured,214.777283,214.389374,215.501511,213.642944,149.762756,21350,6992,19246,10920,217,217,218,215,217,216,127.000000,54.000000,2.351852,84
MN00,14,215,0,4190,215.382456,Not Captured,214.777283,214.389374,215.501511,213.642944,153.266796,5544,1420,19246,10920,217,217,218,215,217,216,126.000000,54.000000,2.333333,86
MN00,14,216,0,4174,213.731542,Not Captured,214.777283,214.389374,215.501511,213.642944,150.890166,26145,9723,19246,10920,217,217,218,215,217,216,130.000000,55.000000,2.363636,85
MN00,14,216,0,4092,213.642946,Not Captured,214.777283,214.389374,215.501511,213.642944,150.393666,28524,10920,19246,10920,217,217,218,215,217,216,133.000000,57.000000,2.333333,104
MN00,14,218,0,3896,215.501514,Not Captured,214.777283,214.389374,215.501511,213.642944,150.639389,18405,6425,19246,10920,217,217,218,215,217,216,138.000000,62.000000,2.225806,116
MN00,14,218,0,3915,215.300394,Not Captured,214.777283,214.389374,215.501511,213.642944,150.480609,19593,7504,19246,10920,217,217,218,215,217,216,140.000000,59.000000,2.372881,77
MN00,14,217,0,3973,214.616770,Not Captured,214.777283,214.389374,215.501511,213.642944,150.619064,19038,6139,19246,10920,217,217,218,215,217,216,138.000000,57.000000,2.421053,89

MN00,17,215,0,4297,213.702634,Not Captured,213.881714,213.702637,214.181808,212.403961,150.145139,19147,5732,20573,11450,215,214,215,213,214,214,124.000000,55.000000,2.254545,92
MN00,17,214,0,4457,213.881714,Not Captured,213.881714,213.702637,214.181808,212.403961,149.908749,12810,3792,20573,11450,215,214,215,213,214,214,116.000000,50.000000,2.320000,86
MN00,14,213,0,4456,212.706156,Not Captured,213.881714,213.702637,214.181808,212.403961,150.249955,20723,5588,20573,11450,215,214,215,213,214,214,119.000000,53.000000,2.245283,91
MN00,14,214,0,4336,213.246954,Not Captured,213.881714,213.702637,214.181808,212.403961,151.112175,19039,5335,20573,11450,215,214,215,213,214,214,125.000000,54.000000,2.314815,111
MN00,14,215,0,4280,213.458175,Not Captured,213.881714,213.702637,214.181808,212.403961,150.754131,22164,7486,20573,11450,215,214,215,213,214,214,127.000000,51.000000,2.490196,81
MN00,14,215,0,4305,212.403963,Not Captured,213.881714,213.702637,214.181808,212.403961,151.212914,30937,11450,20573,11450,215,214,215,213,214,214,128.000000,55.000000,2.327273,99
MN00,14,215,0,4280,212.748350,Not Captured,213.881714,213.702637,214.181808,212.403961,150.757722,28292,10169,20573,11450,215,214,215,213,214,214,129.000000,55.000000,2.345454,119
MN00,14,215,0,4225,213.813221,Not Captured,213.881714,213.702637,214.181808,212.403961,151.048254,18497,4885,20573,11450,215,214,215,213,214,214,129.000000,56.000000,2.303571,128
MN00,14,215,0,4246,214.181806,Not Captured,213.881714,213.702637,214.181808,212.403961,152.423682,13552,3467,20573,11450,215,214,215,213,214,214,128.000000,56.000000,2.285714,85

MN00,17,213,0,4433,211.693689,Not Captured,214.399033,211.693695,220.626801,213.539658,150.049396,29842,10428,19460,14039,214,213,229,214,213,224,123.000000,54.000000,2.277778,96
MN00,17,214,0,4332,214.399034,Not Captured,214.399033,211.693695,220.626801,213.539658,152.125729,8585,2845,19460,14039,214,213,229,214,213,224,124.000000,55.000000,2.254545,129
MN00,14,214,0,4305,213.539665,Not Captured,214.399033,211.693695,220.626801,213.539658,151.434830,21540,7162,19460,14039,214,213,229,214,213,224,126.000000,53.000000,2.377358,81
MN00,14,221,0,3476,218.280021,Not Captured,214.399033,211.693695,220.626801,213.539658,153.297852,8786,3528,19460,14039,214,213,229,214,213,224,152.000000,67.000000,2.268657,80
MN00,14,223,0,3266,217.129019,Not Captured,214.399033,211.693695,220.626801,213.539658,151.083669,27638,13826,19460,14039,214,213,229,214,213,224,166.000000,74.000000,2.243243,65
MN00,14,225,0,3011,218.486649,Not Captured,214.399033,211.693695,220.626801,213.539658,152.300422,22027,10285,19460,14039,214,213,229,214,213,224,176.000000,75.000000,2.346667,90
MN00,14,226,0,2847,219.272902,Not Captured,214.399033,211.693695,220.626801,213.539658,151.309728,18176,8306,19460,14039,214,213,229,214,213,224,181.000000,83.000000,2.180723,121
MN00,14,227,0,2788,219.253244,Not Captured,214.399033,211.693695,220.626801,213.539658,152.192240,25946,14039,19460,14039,214,213,229,214,213,224,189.000000,81.000000,2.333333,81
MN00,14,229,0,2601,220.626088,Not Captured,214.399033,211.693695,220.626801,213.539658,153.359728,14487,8009,19460,14039,214,213,229,214,213,224,195.000000,88.000000,2.215909,108
MN00,14,229,0,2607,220.626808,Not Captured,214.399033,211.693695,220.626801,213.539658,154.873200,17578,9326,19460,14039,214,213,229,214,213,224,198.000000,86.000000,2.302325,88

MN00,17,215,0,4276,214.494351,Not Captured,215.543961,214.494354,218.927628,217.286621,152.382399,15792,4338,20126,14127,217,215,226,220,216,223,125.000000,53.000000,2.358490,112
MN00,17,216,0,4108,215.444098,Not Captured,215.543961,214.494354,218.927628,217.286621,151.997641,19881,7511,20126,14127,217,215,226,220,216,223,132.000000,57.000000,2.315789,68
MN00,17,217,0,4031,215.543959,Not Captured,215.543961,214.494354,218.927628,217.286621,150.823196,16299,5268,20126,14127,217,215,226,220,216,223,135.000000,60.000000,2.250000,94
MN00,14,220,0,3632,217.286628,Not Captured,215.543961,214.494354,218.927628,217.286621,151.071471,13457,5216,20126,14127,217,215,226,220,216,223,150.000000,66.000000,2.272727,92
MN00,14,221,0,3475,217.616445,Not Captured,215.543961,214.494354,218.927628,217.286621,149.579616,16583,5816,20126,14127,217,215,226,220,216,223,156.000000,71.000000,2.197183,76
MN00,14,222,0,3335,217.923871,Not Captured,215.543961,214.494354,218.927628,217.286621,151.415990,21154,10127,20126,14127,217,215,226,220,216,223,161.000000,70.000000,2.300000,78
MN00,14,223,0,3188,218.317038,Not Captured,215.543961,214.494354,218.927628,217.286621,152.103943,22416,11226,20126,14127,217,215,226,220,216,223,167.000000,72.000000,2.319444,82
MN00,14,224,0,3073,217.938714,Not Captured,215.543961,214.494354,218.927628,217.286621,151.862732,26031,13062,20126,14127,217,215,226,220,216,223,171.000000,79.000000,2.164557,97
MN00,14,225,0,3012,217.976109,Not Captured,215.543961,214.494354,218.927628,217.286621,151.039257,27557,14127,20126,14127,217,215,226,220,216,223,174.000000,77.000000,2.259740,118
MN00,14,226,0,2896,218.927630,Not Captured,215.543961,214.494354,218.927628,217.286621,152.703624,22095,11271,20126,14127,217,215,226,220,216,223,178.000000,79.000000,2.253165,98

MN00,17,224,0,3089,218.114954,Not Captured,218.114960,217.869507,217.649506,215.048294,149.904144,26693,13750,23351,13750,224,224,222,218,224,220,170.000000,75.000000,2.266667,98
MN00,17,224,0,3160,217.869500,Not Captured,218.114960,217.869507,217.649506,215.048294,151.201500,24246,11582,23351,13750,224,224,222,218,224,220,166.000000,72.000000,2.305556,112
MN00,14,222,0,3344,216.915714,Not Captured,218.114960,217.869507,217.649506,215.048294,149.794895,26974,12789,23351,13750,224,224,222,218,224,220,158.000000,67.000000,2.358209,99
MN00,14,222,0,3404,217.649512,Not Captured,218.114960,217.869507,217.649506,215.048294,151.732956,16271,6992,23351,13750,224,224,222,218,224,220,153.000000,65.000000,2.353846,123
MN00,14,221,0,3480,217.197576,Not Captured,218.114960,217.869507,217.649506,215.048294,151.494980,17126,6910,23351,13750,224,224,222,218,224,220,150.000000,66.000000,2.272727,90
MN00,14,220,0,3616,216.023827,Not Captured,218.114960,217.869507,217.649506,215.048294,149.298123,24144,10620,23351,13750,224,224,222,218,224,220,146.000000,64.000000,2.281250,79
MN00,14,219,0,3749,215.048295,Not Captured,218.114960,217.869507,217.649506,215.048294,149.264109,31141,13221,23351,13750,224,224,222,218,224,220,143.000000,65.000000,2.200000,106
MN00,14,218,0,3806,215.261442,Not Captured,218.114960,217.869507,217.649506,215.048294,151.316943,25083,9806,23351,13750,224,224,222,218,224,220,140.000000,59.000000,2.372881,128
MN00,14,218,0,3856,215.677716,Not Captured,218.114960,217.869507,217.649506,215.048294,151.129959,18485,6576,23351,13750,224,224,222,218,224,220,137.000000,63.000000,2.174603,102

MN00,17,216,0,4118,214.691570,Not Captured,214.691574,214.212280,221.563385,215.027542,150.910207,15138,4964,15957,10686,217,216,229,218,216,223,129.000000,54.000000,2.388889,108
MN00,17,217,0,4044,214.212275,Not Captured,214.691574,214.212280,221.563385,215.027542,150.356705,25506,9402,15957,10686,217,216,229,218,216,223,134.000000,60.000000,2.233333,83
MN00,14,225,0,2993,218.571453,Not Captured,214.691574,214.212280,221.563385,215.027542,152.589264,18834,7971,15957,10686,217,216,229,218,216,223,166.000000,77.000000,2.155844,89
MN00,14,226,0,2824,219.566383,Not Captured,214.691574,214.212280,221.563385,215.027542,154.415788,13007,5615,15957,10686,217,216,229,218,216,223,173.000000,81.000000,2.135803,72
MN00,14,229,0,2497,221.563385,Not Captured,214.691574,214.212280,221.563385,215.027542,157.153264,9363,5124,15957,10686,217,216,229,218,216,223,194.000000,89.000000,2.179775,78
MN00,14,226,0,2808,220.430082,Not Captured,214.691574,214.212280,221.563385,215.027542,153.526219,8045,4204,15957,10686,217,216,229,218,216,223,177.000000,78.000000,2.269231,73
MN00,14,222,0,3303,217.666707,Not Captured,214.691574,214.212280,221.563385,215.027542,151.524940,14489,5574,15957,10686,217,216,229,218,216,223,156.000000,70.000000,2.228571,69
MN00,14,220,0,3577,216.840079,Not Captured,214.691574,214.212280,221.563385,215.027542,152.856469,13174,4966,15957,10686,217,216,229,218,216,223,146.000000,64.000000,2.281250,88
MN00,14,218,0,3847,215.027549,Not Captured,214.691574,214.212280,221.563385,215.027542,151.353780,26057,10686,15957,10686,217,216,229,218,216,223,142.000000,62.000000,2.290323,72

MN00,17,228,0,2704,219.041993,Not Captured,219.041992,217.445786,218.602600,213.659332,154.470773,27094,13861,18243,13996,228,224,225,215,226,218,194.000000,89.000000,2.179775,72
MN00,17,224,0,3071,217.445779,Not Captured,219.041992,217.445786,218.602600,213.659332,150.399776,28425,13996,18243,13996,228,224,225,215,226,218,175.000000,79.000000,2.215190,105
MN00,14,216,0,4022,214.883582,Not Captured,219.041992,217.445786,218.602600,213.659332,151.788895,13823,4860,18243,13996,228,224,225,215,226,218,132.000000,59.000000,2.237288,89
MN00,14,215,0,4237,213.659336,Not Captured,219.041992,217.445786,218.602600,213.659332,152.611201,23740,7879,18243,13996,228,224,225,215,226,218,126.000000,55.000000,2.290909,76
MN00,14,217,0,3975,215.034030,Not Captured,219.041992,217.445786,218.602600,213.659332,149.875137,16458,6499,18243,13996,228,224,225,215,226,218,133.000000,60.000000,2.216667,94
MN00,14,219,0,3702,216.581962,Not Captured,219.041992,217.445786,218.602600,213.659332,151.403357,16496,6004,18243,13996,228,224,225,215,226,218,143.000000,64.000000,2.234375,93
MN00,14,224,0,3060,218.208422,Not Captured,219.041992,217.445786,218.602600,213.659332,151.250672,17144,7637,18243,13996,228,224,225,215,226,218,175.000000,77.000000,2.272727,67
MN00,14,225,0,2994,218.602605,Not Captured,219.041992,217.445786,218.602600,213.659332,151.861275,14034,7424,18243,13996,228,224,225,215,226,218,175.000000,77.000000,2.272727,104
MN00,14,222,0,3348,216.628861,Not Captured,219.041992,217.445786,218.602600,213.659332,150.910720,26951,12738,18243,13996,228,224,225,215,226,218,161.000000,73.000000,2.205479,82
MN00,14,220,0,3569,216.935144,Not Captured,219.041992,217.445786,218.602600,213.659332,151.322988,12354,3516,18243,13996,228,224,225,215,226,218,148.000000,64.000000,2.312500,112
MN00,14,217,0,3925,215.593006,Not Captured,219.041992,217.445786,218.602600,213.659332,152.415833,10212,2780,18243,13996,228,224,225,215,226,218,135.000000,57.000000,2.368421,63
MN00,14,216,0,4032,214.098783,Not Captured,219.041992,217.445786,218.602600,213.659332,150.397662,19438,7281,18243,13996,228,224,225,215,226,218,131.000000,55.000000,2.381818,70
MN00,14,216,0,4093,214.605579,Not Captured,219.041992,217.445786,218.602600,213.659332,151.861457,10997,3416,18243,13996,228,224,225,215,226,218,128.000000,57.000000,2.245614,104

